model_name,optimal_threshold,auc,sensitivity,specificity,precision,f1_score,f2_score,mean_prob_positive,mean_prob_negative
Logistic Regression,0.49999999999999994,0.90625,0.875,0.7708333333333334,0.4883720930232558,0.6268656716417911,0.7553956834532374,0.7895760088937577,0.25279708824842184
XGBoost,0.25,0.9071180555555555,0.875,0.8333333333333334,0.5675675675675675,0.6885245901639344,0.7894736842105263,0.729816734790802,0.1498750001192093
SVM,0.25,0.8667534722222222,0.875,0.7916666666666666,0.5121951219512195,0.6461538461538462,0.7664233576642335,0.691561716162421,0.1609370653238423
Ensemble,0.25,0.9153645833333333,0.9166666666666666,0.8020833333333334,0.5365853658536586,0.676923076923077,0.8029197080291971,0.7379876218811132,0.18628724179190104
